﻿<parameters>
  <parameter name="IIS Web Application Name" defaultValue="https://gaffgc.azurewebsites.net" tags="IisApp">
    <parameterEntry kind="ProviderPath" scope="IisApp" match="^C:\\Visual-Studio-Projects\\GeneticArchiveFund\\GeneticArchiveFund\\Gaffgc_App\\obj\\Release\\Package\\PackageTmp$" />
    <parameterEntry kind="ProviderPath" scope="setAcl" match="^C:\\Visual-Studio-Projects\\GeneticArchiveFund\\GeneticArchiveFund\\Gaffgc_App\\obj\\Release\\Package\\PackageTmp$" />
  </parameter>
  <parameter name="DefaultConnection-Web.config Connection String" description="DefaultConnection Connection String used in web.config by the application to access the database." defaultValue="Data Source=(localdb)\ProjectsV12;Initial Catalog=gaffgcdb;Integrated Security=True" tags="SqlConnectionString">
    <parameterEntry kind="XmlFile" scope="C:\\Visual-Studio-Projects\\GeneticArchiveFund\\GeneticArchiveFund\\Gaffgc_App\\obj\\Release\\Package\\PackageTmp\\Web\.config$" match="/configuration/connectionStrings/add[@name='DefaultConnection']/@connectionString" />
  </parameter>
  <parameter name="AzureDBConnection-Web.config Connection String" description="AzureDBConnection Connection String used in web.config by the application to access the database." defaultValue="Data Source=geneticarchivefundbserver.database.windows.net;Initial Catalog=gaffgc_db;User ID=Charly;Password=UnlockMe@247;Asynchronous Processing=True;MultipleActiveResultSets=True;Connect Timeout=30;Encrypt=True;MultiSubnetFailover=True;ConnectRetryCount=2;ConnectRetryInterval=30" tags="SqlConnectionString">
    <parameterEntry kind="XmlFile" scope="C:\\Visual-Studio-Projects\\GeneticArchiveFund\\GeneticArchiveFund\\Gaffgc_App\\obj\\Release\\Package\\PackageTmp\\Web\.config$" match="/configuration/connectionStrings/add[@name='AzureDBConnection']/@connectionString" />
  </parameter>
  <parameter name="SenappsAzure-Web.config Connection String" description="SenappsAzure Connection String used in web.config by the application to access the database." defaultValue="Data Source=senappsdata1.database.windows.net;Initial Catalog=gaffgc_db;User ID=Charly;Password=UnlockMe@247;Connect Timeout=30;Encrypt=True;TrustServerCertificate=False;ApplicationIntent=ReadWrite;MultiSubnetFailover=False" tags="SqlConnectionString">
    <parameterEntry kind="XmlFile" scope="C:\\Visual-Studio-Projects\\GeneticArchiveFund\\GeneticArchiveFund\\Gaffgc_App\\obj\\Release\\Package\\PackageTmp\\Web\.config$" match="/configuration/connectionStrings/add[@name='SenappsAzure']/@connectionString" />
  </parameter>
</parameters>